Angol,Magyar,Magyar - egyéb jelentés,Fordító
drawback,hátrány,,https://translate.google.com/#en/hu/drawback
angle,szög,szempont,https://translate.google.com/#en/hu/angle
from the ground up,az alapoktól kezdve,,https://translate.google.com/#en/hu/from%20the%20ground%20up
along the way,az út mentén,,https://translate.google.com/#en/hu/along%20the%20way
pampering,dédelgetés,,https://translate.google.com/#en/hu/pampering
exploration,felfedezés,,https://translate.google.com/#en/hu/exploration
evaluate,értékel,,https://translate.google.com/#en/hu/evaluate
concise,tömör,,https://translate.google.com/#en/hu/concise
to imply,utalni,,https://translate.google.com/#en/hu/to%20imply
trade-off,kompromisszum,,https://translate.google.com/#en/hu/trade-off
trade-off between security and convenience,kompromisszumot a biztonság és a kényelem,,https://translate.google.com/#en/hu/trade-off%20between%20security%20and%20convenience
burden,teher,,https://translate.google.com/#en/hu/burden
abbreviation,rövidítés,,https://translate.google.com/#en/hu/abbreviation
instinct,ösztön,,https://translate.google.com/#en/hu/instinct
resign,lemond,,https://translate.google.com/#en/hu/resign
convict point of view,fegyenc szempontból,,https://translate.google.com/#en/hu/convict%20point%20of%20view
to hatch,kikel,kinyit,https://translate.google.com/#en/hu/to%20hatch
compound,összetett,épületkomplexum,https://translate.google.com/#en/hu/compound
discipline,fegyelem,,https://translate.google.com/#en/hu/discipline
obtain,szerezni,,https://translate.google.com/#en/hu/obtain
to neglect,elhanyagolni,,https://translate.google.com/#en/hu/to%20neglect
round out the experience,egészítik ki az élményt,,https://translate.google.com/#en/hu/round%20out%20the%20experience
required a bit of ceremony,szükséges egy kis ünnepség,,https://translate.google.com/#en/hu/required%20a%20bit%20of%20ceremony
on a per-project basis,a per-projekt alapon,,https://translate.google.com/#en/hu/on%20a%20per-project%20basis
takes place,zajlik,,https://translate.google.com/#en/hu/takes%20place
tilted,megdöntött,,https://translate.google.com/#en/hu/tilted
cumbersome,"nehézkes, ormótlan",,https://translate.google.com/#en/hu/cumbersome
denoting,jelölő,"jelent, jelez, kifejez",https://translate.google.com/#en/hu/denoting
fennel,édeskömény,ánizskapor,https://translate.google.com/#en/hu/fennel
pod,hüvely,,https://translate.google.com/#en/hu/pod
celery,zeller,,https://translate.google.com/#en/hu/celery
licorice,édesgyökér,,https://translate.google.com/#en/hu/licorice
lax,laza,,https://translate.google.com/#en/hu/lax
culpability,bűnösség,,https://translate.google.com/#en/hu/culpability
first-degree murder,Emberölésnél,első fokú gyilkosság,https://translate.google.com/#en/hu/first-degree%20murder
avenues,utakat,,https://translate.google.com/#en/hu/avenues
the incident leaves her badly shaken,az eset rendkívül megrázkódtatja,,https://translate.google.com/#en/hu/the%20incident%20leaves%20her%20badly%20shaken
abusive,gyalázkodó,,https://translate.google.com/#en/hu/abusive
abuse,visszaélés,,https://translate.google.com/#en/hu/abuse
slip inside the house,csúszik a házban,,https://translate.google.com/#en/hu/slip%20inside%20the%20house
revive,feléleszt,,https://translate.google.com/#en/hu/revive
custody,őrizet,,https://translate.google.com/#en/hu/custody
trial,próba,tárgyalás,https://translate.google.com/#en/hu/trial
sentence,"mondat, ítélet",ítélet,https://translate.google.com/#en/hu/sentence
taunt,gúnyolódás,,https://translate.google.com/#en/hu/taunt
pulverized,porított,,https://translate.google.com/#en/hu/pulverized
escape hatch,menekülőnyílást,,https://translate.google.com/#en/hu/escape%20hatch
pierces the component abstraction,átszúrja a komponens absztrakció,,https://translate.google.com/#en/hu/pierces%20the%20component%20abstraction
a component that has yet to be created,"olyan komponens, amely még létre kell hozni",még nem jött létre; létrehozandó,https://translate.google.com/#en/hu/a%20component%20that%20has%20yet%20to%20be%20created
allocate,kioszt,"kioszt, helyet megállapít",https://translate.google.com/#en/hu/allocate
rudimentary,kezdetleges,,https://translate.google.com/#en/hu/rudimentary
agnostic,"kétségbe vonó, megkérdőjelező",szabadgondolkodó,https://translate.google.com/#en/hu/agnostic
obligatory,kötelező,,https://translate.google.com/#en/hu/obligatory
ambient,környező,,https://translate.google.com/#en/hu/ambient
future reference,jövőbeli hivatkozás,,https://translate.google.com/#en/hu/future%20reference
insight,bepillantás,,https://translate.google.com/#en/hu/insight
regression,regresszió,visszafejlődés,https://translate.google.com/#en/hu/regression
unwieldy,ormótlan,,https://translate.google.com/#en/hu/unwieldy
overhaul,nagyjavítás,,https://translate.google.com/#en/hu/overhaul
miscellaneous,vegyes,,https://translate.google.com/#en/hu/miscellaneous
batch,"tétel, halom, csomó, köteg","halom, csomó",https://translate.google.com/#en/hu/batch
comprehend,megért,felfog,https://translate.google.com/#en/hu/comprehend
encompass,felölel,tartalmaz,https://translate.google.com/#en/hu/encompass
boast,dicsekszik,,https://translate.google.com/#en/hu/boast
idiomatic,nyelvi,,https://translate.google.com/#en/hu/idiomatic
hatch,nyílás,,https://translate.google.com/#en/hu/hatch
arbitrary,tetszőleges,önkényes,https://translate.google.com/#en/hu/arbitrary
clash,összecsapás,,https://translate.google.com/#en/hu/clash
intact,ép,sértetlen,https://translate.google.com/#en/hu/intact
to outweigh,felülmúlják,túlsúlyba kerül,https://translate.google.com/#en/hu/to%20outweigh
resemble,"hasonlít, egybevág",egybevág,https://translate.google.com/#en/hu/resemble
only as applicable,csak adott esetben,csak adott esetben,https://translate.google.com/#en/hu/only%20as%20applicable
syllable,szótag,,https://translate.google.com/#en/hu/syllable
to strive,törekedni,,https://translate.google.com/#en/hu/to%20strive
compelling,"kényszerítő, ellenállhatatlan, késztető",,https://translate.google.com/#en/hu/compelling
meaningless,értelmetlen,,https://translate.google.com/#en/hu/meaningless
notion,"elképzelés, szándék, fogalom",,https://translate.google.com/#en/hu/notion
thus,és így,ennél fogva,https://translate.google.com/#en/hu/thus
undue,"indokolatlan, jogtalan",,https://translate.google.com/#en/hu/undue
whereby,miáltal,"minélfogva, amitől, miből",https://translate.google.com/#en/hu/whereby
suppress,elnyom,,https://translate.google.com/#en/hu/suppress
the front door is having work done on it,a bejárati ajtón munka van végezve,a bejárati ajtón munka van végezve,https://translate.google.com/#en/hu/the%20front%20door%20is%20having%20work%20done%20on%20it
prone to mishaps,hajlamos bajokra,,https://translate.google.com/#en/hu/prone%20to%20mishaps
in due course,kellő időben,,https://translate.google.com/#en/hu/in%20due%20course
course,tanfolyam,,https://translate.google.com/#en/hu/course
fulfill,eleget tesz,teljesül,https://translate.google.com/#en/hu/fulfill
single clear answer,Egyetlen egyértelmű választ,,https://translate.google.com/#en/hu/single%20clear%20answer
emphasize,hangsúlyt helyez,,https://translate.google.com/#en/hu/emphasize
seamless,zökkenőmentes,,https://translate.google.com/#en/hu/seamless
to reason about something,érvelni valami,,https://translate.google.com/#en/hu/to%20reason%20about%20something
anticipate,"megérez, számít, előre jelez","megérez, elébe vág",https://translate.google.com/#en/hu/anticipate
reside,lakik,"vele jár, tartozik hozzá",https://translate.google.com/#en/hu/reside
"From a technical point of view, this is a high priority","Egy műszaki szempontból, ez egy kiemelt",,https://translate.google.com/#en/hu/From%20a%20technical%20point%20of%20view%2C%20this%20is%20a%20high%20priority
to be fair,hogy tisztességes,,https://translate.google.com/#en/hu/to%20be%20fair
whatever,tök mindegy,,https://translate.google.com/#en/hu/whatever
recurring,ismétlődő,,https://translate.google.com/#en/hu/recurring
subsequent,későbbi,,https://translate.google.com/#en/hu/subsequent
caveat,ellentmondás,,https://translate.google.com/#en/hu/caveat
stay out of,kimaradni,,https://translate.google.com/#en/hu/stay%20out%20of
verify,ellenőrizze,,https://translate.google.com/#en/hu/verify
somewhat,némileg,,https://translate.google.com/#en/hu/somewhat
jiggery-pokery,mesterkedés,,https://translate.google.com/#en/hu/jiggery-pokery
deceitful,csaló,,https://translate.google.com/#en/hu/deceitful
dishonest,tisztességtelen,,https://translate.google.com/#en/hu/dishonest
disguised,"rejtett, álruhában",álruhába,https://translate.google.com/#en/hu/disguised
pivot,tengely,"lényeg, sarkpont",https://translate.google.com/#en/hu/pivot
manage,kezel,,https://translate.google.com/#en/hu/manage
horrendous,borzasztó,,https://translate.google.com/#en/hu/horrendous
outrageous,felháborító,,https://translate.google.com/#en/hu/outrageous
feasible,megvalósítható,,https://translate.google.com/#en/hu/feasible
lean,sovány,"szikár, vézna, dől, támaszt, lejtő",https://translate.google.com/#en/hu/lean
intention,szándék,,https://translate.google.com/#en/hu/intention
aligned,igazított,,https://translate.google.com/#en/hu/aligned
it is aligned with the above,hogy egy vonalba essen a fenti,összhangban van a fentiekkel,https://translate.google.com/#en/hu/it%20is%20aligned%20with%20the%20above
we can take advantage of,előnyünkre fordíthatjuk,,https://translate.google.com/#en/hu/we%20can%20take%20advantage%20of
fellow,fickó,,https://translate.google.com/#en/hu/fellow
collateral,járulékos,párhuzamos,https://translate.google.com/#en/hu/collateral
appeal,"fellebbezés, vonzó","felhívás, vonzerő",https://translate.google.com/#en/hu/appeal
venerable,tiszteletreméltó,,https://translate.google.com/#en/hu/venerable
honorable,tiszteletreméltó,,https://translate.google.com/#en/hu/honorable
graceful,kecses,"elegáns, könnyed, bájos",https://translate.google.com/#en/hu/graceful
dainty,kecses,finom,https://translate.google.com/#en/hu/dainty
The intention here is to ...,"A cél itt az, hogy ...",,https://translate.google.com/#en/hu/The%20intention%20here%20is%20to%20...
absence,távollét,hiány,https://translate.google.com/#en/hu/absence
absence of something,"valami távollétében, hiányában",,https://translate.google.com/#en/hu/absence%20of%20something
cognition,megismerés,,https://translate.google.com/#en/hu/cognition
too big of a concern to ignore it,túlságosan kockázatos figyelmen kívül hagyni,,https://translate.google.com/#en/hu/too%20big%20of%20a%20concern%20to%20ignore%20it
to align,igazítani,,https://translate.google.com/#en/hu/to%20align
conspicuous,feltűnő,,https://translate.google.com/#en/hu/conspicuous
inconspicuous,nem feltűnő,,https://translate.google.com/#en/hu/inconspicuous
tradeoff,elad,,https://translate.google.com/#en/hu/tradeoff
foresee,előre lát,,https://translate.google.com/#en/hu/foresee
it is due quite soon,hamarosan esedékes,,https://translate.google.com/#en/hu/it%20is%20due%20quite%20soon
excess,többlet,,https://translate.google.com/#en/hu/excess
notably,nevezetesen,,https://translate.google.com/#en/hu/notably
socket,foglalat,,https://translate.google.com/#en/hu/socket
deceive,becsap,,https://translate.google.com/#en/hu/deceive
fundamentally,alapvetően,,https://translate.google.com/#en/hu/fundamentally
remittance,átutalás,,https://translate.google.com/#en/hu/remittance
guesswork,találgatás,,https://translate.google.com/#en/hu/guesswork
versatile,sokoldalú,,https://translate.google.com/#en/hu/versatile
leverage,tőkeáttétel,"befolyás, kihasznál",https://translate.google.com/#en/hu/leverage
undoubtedly odd,kétségtelenül páratlan,,https://translate.google.com/#en/hu/undoubtedly%20odd
beforehand,előzetesen,,https://translate.google.com/#en/hu/beforehand
let's see where we get to,"nézzük, meddig jutunk el",,https://translate.google.com/#en/hu/let's%20see%20where%20we%20get%20to
to flash something out,több részletet/infot hozzáadni,,https://translate.google.com/#en/hu/to%20flash%20something%20out
it is to do with,ez köze,,https://translate.google.com/#en/hu/it%20is%20to%20do%20with
for the time being,egyelőre,,https://translate.google.com/#en/hu/for%20the%20time%20being
metrics,mérőszámok,,https://translate.google.com/#en/hu/metrics
measurement of value,mérési érték,,https://translate.google.com/#en/hu/measurement%20of%20value
in conjunction with,összefüggésben a,,https://translate.google.com/#en/hu/in%20conjunction%20with
if you are yet to receive things,ha még kapni dolgokat,,https://translate.google.com/#en/hu/if%20you%20are%20yet%20to%20receive%20things
intimidating,megfélemlítő,,https://translate.google.com/#en/hu/intimidating
conducive,elősegítő,,https://translate.google.com/#en/hu/conducive
forecast,előrejelzés,,https://translate.google.com/#en/hu/forecast
business revenue,üzleti bevétel,,https://translate.google.com/#en/hu/business%20revenue
wastage,hulladék,,https://translate.google.com/#en/hu/wastage
decommission,leszerelésére,,https://translate.google.com/#en/hu/decommission
retract,visszahúzódik,,https://translate.google.com/#en/hu/retract
come along,jön,,https://translate.google.com/#en/hu/come%20along
trail,"nyom, sáv, útvonal, követés",,https://translate.google.com/#en/hu/trail
doesn't make sense with the fact ...,nincs értelme e tény a fényében,,https://translate.google.com/#en/hu/doesn't%20make%20sense%20with%20the%20fact%20...
innermost,legbelső,,https://translate.google.com/#en/hu/innermost
rightmost,jobbszélső,,https://translate.google.com/#en/hu/rightmost
stream of work,patak munka,,https://translate.google.com/#en/hu/stream%20of%20work
relic,ereklye,,https://translate.google.com/#en/hu/relic
exhaustive,kimerítő,,https://translate.google.com/#en/hu/exhaustive
derived,származtatott,,https://translate.google.com/#en/hu/derived
kudos,dicsőség,,https://translate.google.com/#en/hu/kudos
strive,törekszünk,,https://translate.google.com/#en/hu/strive
adequate,megfelelő,elégséges,https://translate.google.com/#en/hu/adequate
completely missed the point of ,teljesen kimaradt a lényeg a,,https://translate.google.com/#en/hu/completely%20missed%20the%20point%20of%20
as far as he's concerned,amennyire ő az érintett,,https://translate.google.com/#en/hu/as%20far%20as%20he's%20concerned
neat,"tiszta, csinos, rendes",,https://translate.google.com/#en/hu/neat
blunt,tompa,,https://translate.google.com/#en/hu/blunt
quirks,hirtelen fordulat,,https://translate.google.com/#en/hu/quirks
quirk,bemondás,,https://translate.google.com/#en/hu/quirk
timebox period where validating an idea,"timebox időszak, amikor egy ötlet érvényesítése",,https://translate.google.com/#en/hu/timebox%20period%20where%20validating%20an%20idea
I suppose,Feltételezem,,https://translate.google.com/#en/hu/I%20suppose
pristine,"ősi, eredeti állapot",,https://translate.google.com/#en/hu/pristine
beanstalk,babszár,,https://translate.google.com/#en/hu/beanstalk
to be on the same page around it,hogy ugyanazon az oldalon körülötte,,https://translate.google.com/#en/hu/to%20be%20on%20the%20same%20page%20around%20it
vague,homályos,,https://translate.google.com/#en/hu/vague
precautionary,elővigyázatossági,,https://translate.google.com/#en/hu/precautionary
measure,"intézkedés, mérték",,https://translate.google.com/#en/hu/measure
sentient,érző,,https://translate.google.com/#en/hu/sentient
hereby,ezennel,,https://translate.google.com/#en/hu/hereby
ferocious,kegyetlen,,https://translate.google.com/#en/hu/ferocious
trace,nyom,,https://translate.google.com/#en/hu/trace
insensitive,érzéketlen,,https://translate.google.com/#en/hu/insensitive
courtesy,udvariasság,,https://translate.google.com/#en/hu/courtesy
peer,egyenrangú,méltó párja valaminek,https://translate.google.com/#en/hu/peer
as far as I'm concerned,amennyire én vagyok érintett,,https://translate.google.com/#en/hu/as%20far%20as%20I'm%20concerned
stay tuned,maradjon velünk,,https://translate.google.com/#en/hu/stay%20tuned
scatter,szétszór,"elterjeszt, hint",https://translate.google.com/#en/hu/scatter
glimpse,megpillant,,https://translate.google.com/#en/hu/glimpse
folly,ostobaság,,https://translate.google.com/#en/hu/folly
splendor,ragyogás,,https://translate.google.com/#en/hu/splendor
abide,betartja,,https://translate.google.com/#en/hu/abide
heed,óvatosság,,https://translate.google.com/#en/hu/heed
conviction,"meggyőződés, ítélet",,https://translate.google.com/#en/hu/conviction
convictions,ítéletek,,https://translate.google.com/#en/hu/convictions
defiance,ellenszegülés,,https://translate.google.com/#en/hu/defiance
sully,beszennyez,,https://translate.google.com/#en/hu/sully
pawn,zálog,,https://translate.google.com/#en/hu/pawn
lure,csalétek,,https://translate.google.com/#en/hu/lure
retreat,visszavonulás,,https://translate.google.com/#en/hu/retreat
to console,vigasztalni,,https://translate.google.com/#en/hu/to%20console
contender,versenyző,,https://translate.google.com/#en/hu/contender
stick around,maradni,,https://translate.google.com/#en/hu/stick%20around
forthcoming,közelgő,,https://translate.google.com/#en/hu/forthcoming
deed,tett,,https://translate.google.com/#en/hu/deed
immense,óriási,,https://translate.google.com/#en/hu/immense
immerse,"elmerül, elmerít",,https://translate.google.com/#en/hu/immerse
skim up,lefölöz,,https://translate.google.com/#en/hu/skim%20up
disparate,teljesen eltérő,,https://translate.google.com/#en/hu/disparate
splendid,"pompás, ragyogó",,https://translate.google.com/#en/hu/splendid
submission,"behódolás, benyújtás",,https://translate.google.com/#en/hu/submission
lieutenant,hadnagy,,https://translate.google.com/#en/hu/lieutenant
lofty ideas,magasztos eszmék,,https://translate.google.com/#en/hu/lofty%20ideas
herd,csorda,,https://translate.google.com/#en/hu/herd
loon,fajankó,,https://translate.google.com/#en/hu/loon
frightened,rémült,,https://translate.google.com/#en/hu/frightened
outgrow,túlnő,,https://translate.google.com/#en/hu/outgrow
fidelity,hűség,,https://translate.google.com/#en/hu/fidelity
deceiving,csal,,https://translate.google.com/#en/hu/deceiving
sturdy,erős,,https://translate.google.com/#en/hu/sturdy
acknowledged,elismert,,https://translate.google.com/#en/hu/acknowledged
saddle,nyereg,,https://translate.google.com/#en/hu/saddle
otherwise,másképp,különben,https://translate.google.com/#en/hu/otherwise
nonetheless,ennek ellenére,,https://translate.google.com/#en/hu/nonetheless
discipline,fegyelem,,https://translate.google.com/#en/hu/discipline
imply,utal,,https://translate.google.com/#en/hu/imply
bail out,meglóg,,https://translate.google.com/#en/hu/bail%20out
bail,óvadék,,https://translate.google.com/#en/hu/bail
choppy,fodrozódó,"bizonytalan, repedezett",https://translate.google.com/#en/hu/choppy
my understanding,az értelmezésem,,https://translate.google.com/#en/hu/my%20understanding
cover up,eltussolni,,https://translate.google.com/#en/hu/cover%20up
stingy,fukar,,https://translate.google.com/#en/hu/stingy
generous,nagylelkű,,https://translate.google.com/#en/hu/generous
chevron,szarufa,rendfokozati jelzés,https://translate.google.com/#en/hu/chevron
grain,gabona,szemcse,https://translate.google.com/#en/hu/grain
dozens,Több tucat,,https://translate.google.com/#en/hu/dozens
potentially,potenciálisan,,https://translate.google.com/#en/hu/potentially
cut corners,spórol,,https://translate.google.com/#en/hu/cut%20corners
work my ass off,dolgozni a seggem,,https://translate.google.com/#en/hu/work%20my%20ass%20off
afterwards,később,,https://translate.google.com/#en/hu/afterwards
follow-up,"utólagos, követés",utólagos,https://translate.google.com/#en/hu/follow-up
afterthought,utógondolat,,https://translate.google.com/#en/hu/afterthought
candidate,jelölt,,https://translate.google.com/#en/hu/candidate
whereas,mivel,"minthogy, habár, miután",https://translate.google.com/#en/hu/whereas
to provision,a rendelkezés,,https://translate.google.com/#en/hu/to%20provision
provisioning,tartalékolási,,https://translate.google.com/#en/hu/provisioning
provision,"fedezet, ellátás, tartalék",,https://translate.google.com/#en/hu/provision
deviate,"eltér, letér",,https://translate.google.com/#en/hu/deviate
augment,fokozza,nagyobbodik,https://translate.google.com/#en/hu/augment
counterpart,hasonmás,,https://translate.google.com/#en/hu/counterpart
handful,maréknyi,,https://translate.google.com/#en/hu/handful
peripheral,kerületi,,https://translate.google.com/#en/hu/peripheral
hit the road,útnak indul,útra kerül,https://translate.google.com/#en/hu/hit%20the%20road
various,különféle,,https://translate.google.com/#en/hu/various
designated,kijelölt,,https://translate.google.com/#en/hu/designated
nifty,csinos,,https://translate.google.com/#en/hu/nifty
caveats,kifogások,,https://translate.google.com/#en/hu/caveats
chubby,pufók,,https://translate.google.com/#en/hu/chubby
in the course of the day,a nap folyamán,,https://translate.google.com/#en/hu/in%20the%20course%20of%20the%20day
consent,beleegyezés,,https://translate.google.com/#en/hu/consent
fine line,szép vonal,vékeny mezsgye,https://translate.google.com/#en/hu/fine%20line
possessed,megszállott,,https://translate.google.com/#en/hu/possessed
smackdown,leszámolás,,https://translate.google.com/#en/hu/smackdown
rebound,visszapattan,,https://translate.google.com/#en/hu/rebound
hammy,Hammy,exaggerated or over-theatrical,https://translate.google.com/#en/hu/hammy
exaggerated,túlzott,,https://translate.google.com/#en/hu/exaggerated
substantial,lényeges,,https://translate.google.com/#en/hu/substantial
does something to me,csinál valamit nekem,,https://translate.google.com/#en/hu/does%20something%20to%20me
hideous,förtelmes,,https://translate.google.com/#en/hu/hideous
whatsoever,akármi,,https://translate.google.com/#en/hu/whatsoever
deluded,megtévesztett,,https://translate.google.com/#en/hu/deluded
delude,becsap,,https://translate.google.com/#en/hu/delude
twain,"kettő, pár",pár,https://translate.google.com/#en/hu/twain
acquire,szerez,,https://translate.google.com/#en/hu/acquire
improper,helytelen,,https://translate.google.com/#en/hu/improper
cringy,"ciki, kínos","ciki, kínos, zavarba ejtő",https://translate.google.com/#en/hu/cringy
to cringe,a szervilizmus,megalázkodik,https://translate.google.com/#en/hu/to%20cringe
crotch,ágyék,,https://translate.google.com/#en/hu/crotch
congruent,egybevágó,megegyező,https://translate.google.com/#en/hu/congruent
bearable,elviselhető,,https://translate.google.com/#en/hu/bearable
grief,bánat,,https://translate.google.com/#en/hu/grief
intel,hírszerzés,,https://translate.google.com/#en/hu/intel
reimburse,térít,,https://translate.google.com/#en/hu/reimburse
accuse,vádol,,https://translate.google.com/#en/hu/accuse
realm,birodalom,,https://translate.google.com/#en/hu/realm
predominantly,Főleg,,https://translate.google.com/#en/hu/predominantly
entry,belépés,nevezés,https://translate.google.com/#en/hu/entry
entries,bejegyzés,,https://translate.google.com/#en/hu/entries
corresponds,"megfelel, összhangban van",összhangban van,https://translate.google.com/#en/hu/corresponds
delimit,körülhatárol,,https://translate.google.com/#en/hu/delimit
revise,"felülvizsgál, átdolgoz",,https://translate.google.com/#en/hu/revise
in particular,különösen,,https://translate.google.com/#en/hu/in%20particular
granularity,részletesség,,https://translate.google.com/#en/hu/granularity
in a figurative sense,átvitt értelemben,,https://translate.google.com/#en/hu/in%20a%20figurative%20sense
ordeal,megpróbáltatás,,https://translate.google.com/#en/hu/ordeal
summon,megidéz,,https://translate.google.com/#en/hu/summon
adhere,tapad,,https://translate.google.com/#en/hu/adhere
attentive,figyelmes,gondos,https://translate.google.com/#en/hu/attentive
aperture,nyílás,"rekesz, rés",https://translate.google.com/#en/hu/aperture
advise,értesít,,https://translate.google.com/#en/hu/advise
deliberately,szándékosan,,https://translate.google.com/#en/hu/deliberately
I suggest,ajánlom,azt javaslom,https://translate.google.com/#en/hu/I%20suggest
moisture,nedvesség,,https://translate.google.com/#en/hu/moisture
cherish,"dédelget, kedvel",,https://translate.google.com/#en/hu/cherish
ambient,környező,,https://translate.google.com/#en/hu/ambient
at your expense,a te költségeden,,https://translate.google.com/#en/hu/at%20your%20expense
kind of makes me wondering,kicsit elgondolkodtat,,https://translate.google.com/#en/hu/kind%20of%20makes%20me%20wondering
patent,szabadalom,,https://translate.google.com/#en/hu/patent
boasting,magasztalás,,https://translate.google.com/#en/hu/boasting
boast,dicsekszik,,https://translate.google.com/#en/hu/boast
stale,állott,,https://translate.google.com/#en/hu/stale
get my head around it,"megért, zöld ágra vergődik",understand or come to terms with,https://translate.google.com/#en/hu/get%20my%20head%20around%20it
laud,dicsér,,https://translate.google.com/#en/hu/laud
that will make you grin,hogy fog vigyorogni,,https://translate.google.com/#en/hu/that%20will%20make%20you%20grin
approvingly,helyeslően,,https://translate.google.com/#en/hu/approvingly
overshot,előre-,"túlhalad, túloz",https://translate.google.com/#en/hu/overshot
shift,váltás,elmozdul,https://translate.google.com/#en/hu/shift
thrive,gyarapszik,,https://translate.google.com/#en/hu/thrive
appreciation,felértékelődés,,https://translate.google.com/#en/hu/appreciation
inherent,velejáró,,https://translate.google.com/#en/hu/inherent
belief,hit,,https://translate.google.com/#en/hu/belief
delight,élvezet,,https://translate.google.com/#en/hu/delight
to conclude,következtetni,,https://translate.google.com/#en/hu/to%20conclude
sign off,kijelentkezés,befejez,https://translate.google.com/#en/hu/sign%20off
perimeter,kerülete,,https://translate.google.com/#en/hu/perimeter
procrastinator,halogató,,https://translate.google.com/#en/hu/procrastinator
epiphany,vízkereszt,,https://translate.google.com/#en/hu/epiphany
cerebral,"agyi-, agyhoz tartozó",,https://translate.google.com/#en/hu/cerebral
on a regular basis,rendszeresen,,https://translate.google.com/#en/hu/on%20a%20regular%20basis
examining,vizsgáló,,https://translate.google.com/#en/hu/examining
unexamined,nem vizsgált,,https://translate.google.com/#en/hu/unexamined
decisive,döntő (tényező),,https://translate.google.com/#en/hu/decisive
dread,retteg,,https://translate.google.com/#en/hu/dread
exquisitely,tökéletesen,,https://translate.google.com/#en/hu/exquisitely
dull,unalmas,,https://translate.google.com/#en/hu/dull
pastoral,pásztori,,https://translate.google.com/#en/hu/pastoral
stain,folt,bepiszkít,https://translate.google.com/#en/hu/stain
"weep, wept",Sírni sírt,,https://translate.google.com/#en/hu/weep%2C%20wept
excel,"jeleskedik, túltesz, felülmúl",,https://translate.google.com/#en/hu/excel
extent,"mérték, kiterjedés, hatáskör","terjedelem, méret, hatáskör",https://translate.google.com/#en/hu/extent
flattering,hízelgő,,https://translate.google.com/#en/hu/flattering
weave,szövés,,https://translate.google.com/#en/hu/weave
fine grained,finomszemcsés,,https://translate.google.com/#en/hu/fine%20grained
reap,arat,,https://translate.google.com/#en/hu/reap
handkerchief,zsebkendő,,https://translate.google.com/#en/hu/handkerchief
sinister,baljós,,https://translate.google.com/#en/hu/sinister
illegible,olvashatatlan,,https://translate.google.com/#en/hu/illegible
emphasys,hangsúlyos,,https://translate.google.com/#en/hu/emphasys
emphasize,hangsúlyt helyez,,https://translate.google.com/#en/hu/emphasize
take the heat,elviseli a bírálatot,,https://translate.google.com/#en/hu/take%20the%20heat
implicate,"belevon, belekever (bajba)",belekeveredik,https://translate.google.com/#en/hu/implicate
uneasy,"kényelmentlen, aggódó",,https://translate.google.com/#en/hu/uneasy
conventional,hagyományos,,https://translate.google.com/#en/hu/conventional
inundate,elönt,,https://translate.google.com/#en/hu/inundate
fishy,gyanús,,https://translate.google.com/#en/hu/fishy
weighing,mérés,,https://translate.google.com/#en/hu/weighing
flourishing,virágzó,,https://translate.google.com/#en/hu/flourishing
sorcery,varázslás,,https://translate.google.com/#en/hu/sorcery
inference,"következtetés, megállapítás",,https://translate.google.com/#en/hu/inference
although,habár,"noha, jóllehet",https://translate.google.com/#en/hu/although
however,azonban,de,https://translate.google.com/#en/hu/however
adjacent,szomszédos,,https://translate.google.com/#en/hu/adjacent
obscure,homályos,,https://translate.google.com/#en/hu/obscure
instinct,ösztön,,https://translate.google.com/#en/hu/instinct
atrocious,kegyetlen,,https://translate.google.com/#en/hu/atrocious
horrendous,borzasztó,,https://translate.google.com/#en/hu/horrendous
devote,"szán, szentel vmit vmire, dedikál",,https://translate.google.com/#en/hu/devote
bias,"elfogult, torzít",,https://translate.google.com/#en/hu/bias
eager,"mohó, buzgó",,https://translate.google.com/#en/hu/eager
grope,tapogatózva keres,,https://translate.google.com/#en/hu/grope
inception,kezdet,,https://translate.google.com/#en/hu/inception
retrospect,visszapillantás,,https://translate.google.com/#en/hu/retrospect
extinct,kihalt,,https://translate.google.com/#en/hu/extinct
spoiled,elkényeztetett,,https://translate.google.com/#en/hu/spoiled
ought,kellene,,https://translate.google.com/#en/hu/ought
ought to be enough,elégnek kell lennie,,https://translate.google.com/#en/hu/ought%20to%20be%20enough
descriptive,leíró,,https://translate.google.com/#en/hu/descriptive
confounded,átkozott,,https://translate.google.com/#en/hu/confounded
arity,argumentumainak száma,,https://translate.google.com/#en/hu/arity
unary,egyváltozós,,https://translate.google.com/#en/hu/unary
one-off,egyszeri,,https://translate.google.com/#en/hu/one-off
bollocks,baromság,,https://translate.google.com/#en/hu/bollocks
possibly,esetlegesen,,https://translate.google.com/#en/hu/possibly
I am yet to do something,Én még tenni valamit,,https://translate.google.com/#en/hu/I%20am%20yet%20to%20do%20something
come up with,előjön valamivel,,https://translate.google.com/#en/hu/come%20up%20with
foundations,alapok,,https://translate.google.com/#en/hu/foundations
to complete,teljesíteni,kiegészít,https://translate.google.com/#en/hu/to%20complete
inferior,alárendelt,,https://translate.google.com/#en/hu/inferior
pillar,pillér,,https://translate.google.com/#en/hu/pillar
the vast majority of,A túlnyomó többsége,,https://translate.google.com/#en/hu/the%20vast%20majority%20of
commencing,megkezdődő,,https://translate.google.com/#en/hu/commencing
fully functioning car,teljesen működőképes autó,,https://translate.google.com/#en/hu/fully%20functioning%20car
proprietary,szabadalmazott,,https://translate.google.com/#en/hu/proprietary
demanding with me,igényes velem,,https://translate.google.com/#en/hu/demanding%20with%20me
ballpark,becslési tartomány,,https://translate.google.com/#en/hu/ballpark
mood swing,hangulatingadozás,,https://translate.google.com/#en/hu/mood%20swing
captivating,"elbűvölő, rabulejtő",,https://translate.google.com/#en/hu/captivating
perpetual,örökös,,https://translate.google.com/#en/hu/perpetual
perceptual,észlelési,,https://translate.google.com/#en/hu/perceptual
get your finger in the air,kap az ujját a levegőben,"A person ""putting his finger in the air"" is unlikely to come up with original, individual ideas or solutions. And decisions are made unscientifically, without backing evidence.",https://translate.google.com/#en/hu/get%20your%20finger%20in%20the%20air
strangle,fojt,,https://translate.google.com/#en/hu/strangle
misery,szenvedés,,https://translate.google.com/#en/hu/misery
truth of the matter,az igazat megvallva,,https://translate.google.com/#en/hu/truth%20of%20the%20matter
deluded,megtévesztett,,https://translate.google.com/#en/hu/deluded
speaking of,valamiről szólva,,https://translate.google.com/#en/hu/speaking%20of
falls in line with,sorába illeszkedik,,https://translate.google.com/#en/hu/falls%20in%20line%20with
detain,"visszatart, őrizetben tart",,https://translate.google.com/#en/hu/detain
retain,megtartása,,https://translate.google.com/#en/hu/retain
error of their ways,téves útjaik,,https://translate.google.com/#en/hu/error%20of%20their%20ways
scandal,botrány,,https://translate.google.com/#en/hu/scandal
vocational,"szakmai, hivatásszerű",,https://translate.google.com/#en/hu/vocational
staged,"megrendezett, lépcsős",,https://translate.google.com/#en/hu/staged
speaking of creepy,krípiről szolva...,,https://translate.google.com/#en/hu/speaking%20of%20creepy
creepy,hátborzongató,,https://translate.google.com/#en/hu/creepy
"leap, leapt","ugrás, szökkenés magasra",,https://translate.google.com/#en/hu/leap%2C%20leapt
flaunt,kérkedik,,https://translate.google.com/#en/hu/flaunt
repell,biztonságos riasztás,,https://translate.google.com/#en/hu/repell
repel,"taszít, elhárít, megcáfol",,https://translate.google.com/#en/hu/repel
dignity,méltóság,,https://translate.google.com/#en/hu/dignity
faction,klikk,,https://translate.google.com/#en/hu/faction
canny,ravasz,,https://translate.google.com/#en/hu/canny
uncanny,rejtélyes,,https://translate.google.com/#en/hu/uncanny
speaking of which,Ha már itt tartunk,,https://translate.google.com/#en/hu/speaking%20of%20which
sprawl,szétterpeszt,open wide,https://translate.google.com/#en/hu/sprawl
imminent,"fenyegető, küszöbön álló",köszöbön álló,https://translate.google.com/#en/hu/imminent
shady,"árnyas, nem tiszta",nem tiszta,https://translate.google.com/#en/hu/shady
short term gains will catch up to long term consequences,rövid távú nyereségnek meglesznek a hosszú távú következményei,,https://translate.google.com/#en/hu/short%20term%20gains%20will%20catch%20up%20to%20long%20term%20consequences
allegedly,állítólag,,https://translate.google.com/#en/hu/allegedly
appealing,tetszetős,,https://translate.google.com/#en/hu/appealing
eccentricity,különcség,,https://translate.google.com/#en/hu/eccentricity
espionage,kémkedés,,https://translate.google.com/#en/hu/espionage
infiltrate,beszivárog,,https://translate.google.com/#en/hu/infiltrate
eager,mohó,,https://translate.google.com/#en/hu/eager
facilitate,"elősegít, megkönnyít",,https://translate.google.com/#en/hu/facilitate
spun off,leválasztotta,,https://translate.google.com/#en/hu/spun%20off
spun,fonott,,https://translate.google.com/#en/hu/spun
debris,törmelék,,https://translate.google.com/#en/hu/debris
orchestrate,"hangszerel, organizál","arrange or direct the elements of (a situation) to produce a desired effect, especially surreptitiously",https://translate.google.com/#en/hu/orchestrate
surreptitiously,titokban,,https://translate.google.com/#en/hu/surreptitiously
of which,amelyből,,https://translate.google.com/#en/hu/of%20which
establish,létrehozni,,https://translate.google.com/#en/hu/establish
wonky,rozoga,,https://translate.google.com/#en/hu/wonky
persuade,meggyőzni,,https://translate.google.com/#en/hu/persuade
bleach,fehérítő,,https://translate.google.com/#en/hu/bleach
pledge,fogadalom,"zálog, ígéret",https://translate.google.com/#en/hu/pledge
purposefully,céltudatosan,,https://translate.google.com/#en/hu/purposefully
inhibit,gátolják,,https://translate.google.com/#en/hu/inhibit
inflict,"okoz, bosszant",,https://translate.google.com/#en/hu/inflict
interrogator,vallató,,https://translate.google.com/#en/hu/interrogator
backlash,holtjáték,,https://translate.google.com/#en/hu/backlash
accountable,felelős,,https://translate.google.com/#en/hu/accountable
allegation,"állítás, vád",,https://translate.google.com/#en/hu/allegation
consequently,következésképpen,,https://translate.google.com/#en/hu/consequently
it will backfire on them,ez visszaüthet rájuk,,https://translate.google.com/#en/hu/it%20will%20backfire%20on%20them
moral compass,erkölcsi iránytű,,https://translate.google.com/#en/hu/moral%20compass
I don't have high hopes for/about something,Nem kell nagy reményeket / valamiről,,https://translate.google.com/#en/hu/I%20don't%20have%20high%20hopes%20for%2Fabout%20something
hence,ennélfogva,,https://translate.google.com/#en/hu/hence
to clarify,tisztázni,pontosít,https://translate.google.com/#en/hu/to%20clarify
pastiche,utánzat,,https://translate.google.com/#en/hu/pastiche
pompous,nagyképű,,https://translate.google.com/#en/hu/pompous
adequate,megfelelő,,https://translate.google.com/#en/hu/adequate
doubters,kételkedők,,https://translate.google.com/#en/hu/doubters
niche,fülke,,https://translate.google.com/#en/hu/niche
unnerving,nyugtalanító,,https://translate.google.com/#en/hu/unnerving
cult,kultusz,,https://translate.google.com/#en/hu/cult
sinister,baljós,,https://translate.google.com/#en/hu/sinister
sinister intensity,baljós intenzitás,,https://translate.google.com/#en/hu/sinister%20intensity
tinker,"bütyköl, bádogos",,https://translate.google.com/#en/hu/tinker
snappy,lendületes,,https://translate.google.com/#en/hu/snappy
manage expectations,kezelje az elvárásokat,,https://translate.google.com/#en/hu/manage%20expectations
bail out,meglóg,,https://translate.google.com/#en/hu/bail%20out
ignorant,tudatlan,műveletlen,https://translate.google.com/#en/hu/ignorant
burden,teher,,https://translate.google.com/#en/hu/burden
ease the burden,tehermentesíteni,,https://translate.google.com/#en/hu/ease%20the%20burden
diluted,hígított,,https://translate.google.com/#en/hu/diluted
exploit,kihasználni,,https://translate.google.com/#en/hu/exploit
elaborate,bonyolult,kidolgoz,https://translate.google.com/#en/hu/elaborate
riling up,"felhúzott, felidegesített",felemelkedett,https://translate.google.com/#en/hu/riling%20up
subversive,felforgató,,https://translate.google.com/#en/hu/subversive
whine,nyafog,,https://translate.google.com/#en/hu/whine
going forward,előre menni,in the future,https://translate.google.com/#en/hu/going%20forward
implication,hallgatólagosan,,https://translate.google.com/#en/hu/implication
implications,következményei,,https://translate.google.com/#en/hu/implications
get away with it,megúszni,,https://translate.google.com/#en/hu/get%20away%20with%20it
come around to,más belátásra tér,jobb belátásra tér,https://translate.google.com/#en/hu/come%20around%20to
come to reason,jobb belátásra tér,jobb belátásra tér,https://translate.google.com/#en/hu/come%20to%20reason
let the persuasion,"hagyja, hogy a meggyőzés",jobb belátásra tér,https://translate.google.com/#en/hu/let%20the%20persuasion
start interacting wtih the database,kommunikáció megkezdéséhez wtih az adatbázisban,,https://translate.google.com/#en/hu/start%20interacting%20wtih%20the%20database
instinctively,ösztönösen,,https://translate.google.com/#en/hu/instinctively
saturated,telített,,https://translate.google.com/#en/hu/saturated
venue,helyszín,,https://translate.google.com/#en/hu/venue
breed,fajta,"tenyészt, szaporít",https://translate.google.com/#en/hu/breed
strong suit,erősséged,,https://translate.google.com/#en/hu/strong%20suit
antagonist,"ellenfél, ellenség, ellenlábas",a person who actively opposes or is hostile to someone or something; an adversary.,https://translate.google.com/#en/hu/antagonist
discrepancy,eltérés,,https://translate.google.com/#en/hu/discrepancy
restraining,visszatartó,,https://translate.google.com/#en/hu/restraining
restraining order,távoltartás,,https://translate.google.com/#en/hu/restraining%20order
allegiance,"hűség, állampolgári kötelezettség",,https://translate.google.com/#en/hu/allegiance
understated,"alulértékelt, degradál?","describe or represent (something) as being smaller, worse, or less important than it actually is",https://translate.google.com/#en/hu/understated
revamp,átalakít,,https://translate.google.com/#en/hu/revamp
thrive,gyarapszik,,https://translate.google.com/#en/hu/thrive
honorary,tiszteletbeli,,https://translate.google.com/#en/hu/honorary
pleaded,könyörgött,,https://translate.google.com/#en/hu/pleaded
plead,hivatkozhat,,https://translate.google.com/#en/hu/plead
the end justifies the means,a cél szentesíti az eszközt,,https://translate.google.com/#en/hu/the%20end%20justifies%20the%20means
decrepit,elaggott,kiöregedett,https://translate.google.com/#en/hu/decrepit
snub,"pisze, elhallgattat, letorkol",elhallgattat,https://translate.google.com/#en/hu/snub
"win-win, but he might get most of the wins","win-win, de neki jut a több win",,https://translate.google.com/#en/hu/win-win%2C%20but%20he%20might%20get%20most%20of%20the%20wins
someone has a shady history of something,valamivel kapcsolatban sötét múlttal rendelkezik,,https://translate.google.com/#en/hu/someone%20has%20a%20shady%20history%20of%20something
affluence,bőség,,https://translate.google.com/#en/hu/affluence
to get a better idea of something,hogy valamit jobban megértsen,,https://translate.google.com/#en/hu/to%20get%20a%20better%20idea%20of%20something
hide and bide,"elrejteni, és kivárja",,https://translate.google.com/#en/hu/hide%20and%20bide
scrapyard,szeméttelep,,https://translate.google.com/#en/hu/scrapyard
saddle,nyereg,,https://translate.google.com/#en/hu/saddle
deficiency,hiány,,https://translate.google.com/#en/hu/deficiency
sporadically,szórványosan,,https://translate.google.com/#en/hu/sporadically
bulged,kidagadt,,https://translate.google.com/#en/hu/bulged
promiscuity,keveredés,,https://translate.google.com/#en/hu/promiscuity
velvet,bársony,,https://translate.google.com/#en/hu/velvet
eviction,kilakoltatás,,https://translate.google.com/#en/hu/eviction
adept,ügyes,,https://translate.google.com/#en/hu/adept
writ,idézés,,https://translate.google.com/#en/hu/writ
bailiff,végrehajtó,,https://translate.google.com/#en/hu/bailiff
premises,helyiség,,https://translate.google.com/#en/hu/premises
repossession,"visszavétel, visszabirtokol",,https://translate.google.com/#en/hu/repossession
substantial,lényeges,,https://translate.google.com/#en/hu/substantial
doorknob,kilincs,,https://translate.google.com/#en/hu/doorknob
solicitor,ügyvéd,,https://translate.google.com/#en/hu/solicitor
bloke,pasas,,https://translate.google.com/#en/hu/bloke
subsidy,"állami támogatás, segély",segély,https://translate.google.com/#en/hu/subsidy
streamline the process,leegyszerűsíti/hatékonnyá teszi a folyamatot,,https://translate.google.com/#en/hu/streamline%20the%20process
contend with,valamivel küzdeni,,https://translate.google.com/#en/hu/contend%20with
envy,irigység,,https://translate.google.com/#en/hu/envy
comply with the deadlines,megfelelnek a határidők,határidőt betart,https://translate.google.com/#en/hu/comply%20with%20the%20deadlines
stationary,helyhez kötött,,https://translate.google.com/#en/hu/stationary
unwieldy,"ormótlan, esetlen",,https://translate.google.com/#en/hu/unwieldy
This theory has yet to be proven.,Ez az elmélet még nem bizonyított.,Ezt az elméletet még be kell bizonyítani.,https://translate.google.com/#en/hu/This%20theory%20has%20yet%20to%20be%20proven.
ahead of something,megelőzve valami,,https://translate.google.com/#en/hu/ahead%20of%20something
to an extent,olyan mértékben,,https://translate.google.com/#en/hu/to%20an%20extent
conceptual,fogalmi,,https://translate.google.com/#en/hu/conceptual
conceptual understanding,fogalmi megértés,,https://translate.google.com/#en/hu/conceptual%20understanding
to anticipate,előrejelzésére,,https://translate.google.com/#en/hu/to%20anticipate
dignify,megtisztel,,https://translate.google.com/#en/hu/dignify
introspection,önelemzés,,https://translate.google.com/#en/hu/introspection
widower,özvegy ember,,https://translate.google.com/#en/hu/widower
reluctant,vonakodó,,https://translate.google.com/#en/hu/reluctant
inevitable,elkerülhetetlen,,https://translate.google.com/#en/hu/inevitable
insist,ragaszkodik valamihez,,https://translate.google.com/#en/hu/insist
insecure,bizonytalan,,https://translate.google.com/#en/hu/insecure
obesity,elhízottság,,https://translate.google.com/#en/hu/obesity
crooked,görbe,,https://translate.google.com/#en/hu/crooked
trump,adu,,https://translate.google.com/#en/hu/trump
presumptuous,merész,,https://translate.google.com/#en/hu/presumptuous
preemptive,elővásárlási,,https://translate.google.com/#en/hu/preemptive
palm,tenyér,,https://translate.google.com/#en/hu/palm
omission,mulasztás,,https://translate.google.com/#en/hu/omission
impeccable,kifogástalan,,https://translate.google.com/#en/hu/impeccable
neediness,Rászorultság,,https://translate.google.com/#en/hu/neediness
for that matter,ami azt illeti,,https://translate.google.com/#en/hu/for%20that%20matter
intrigue,cselszövés,,https://translate.google.com/#en/hu/intrigue
congruency,egyezőségét,,https://translate.google.com/#en/hu/congruency
vanity,hiúság,,https://translate.google.com/#en/hu/vanity
crux,nehézség,,https://translate.google.com/#en/hu/crux
captivate,"meghódít, elbájol, rabul ejt",,https://translate.google.com/#en/hu/captivate
captive,fogoly,,https://translate.google.com/#en/hu/captive
anticipation,előérzet,,https://translate.google.com/#en/hu/anticipation
upscale,előkelő,,https://translate.google.com/#en/hu/upscale
reasonably,ésszerűen,,https://translate.google.com/#en/hu/reasonably
nevertheless,Mindazonáltal,,https://translate.google.com/#en/hu/nevertheless
directly proportionate,egyenesen arányos,,https://translate.google.com/#en/hu/directly%20proportionate
reside,lakik,vele jár,https://translate.google.com/#en/hu/reside
insist,ragaszkodik valamihez,,https://translate.google.com/#en/hu/insist
livestock,állatállomány,,https://translate.google.com/#en/hu/livestock
at the expense of something,rovására valamit,,https://translate.google.com/#en/hu/at%20the%20expense%20of%20something
grooming,ápolás,,https://translate.google.com/#en/hu/grooming
groom,vőlegény,,https://translate.google.com/#en/hu/groom
procure,beszerezni,,https://translate.google.com/#en/hu/procure
novelty,újdonság,,https://translate.google.com/#en/hu/novelty
harmless,ártalmatlan,,https://translate.google.com/#en/hu/harmless
inevitably,elkerülhetetlenül,,https://translate.google.com/#en/hu/inevitably
redemption,megváltás,,https://translate.google.com/#en/hu/redemption
spade,ásó,,https://translate.google.com/#en/hu/spade
severe,"szigorú, erős",,https://translate.google.com/#en/hu/severe
contentious,vitás,,https://translate.google.com/#en/hu/contentious
nod,bólint,,https://translate.google.com/#en/hu/nod
discredits,lejáratja,,https://translate.google.com/#en/hu/discredits
attainment,elérését,,https://translate.google.com/#en/hu/attainment
vengeance,bosszú,,https://translate.google.com/#en/hu/vengeance
"seek, sought","keres, keresett (ige)",seek,https://translate.google.com/#en/hu/seek%2C%20sought
integrity,"becsületesség, sértetlenség, teljesség",,https://translate.google.com/#en/hu/integrity
hypocritical ,álszent,,https://translate.google.com/#en/hu/hypocritical%20
expertise,szakvélemény,,https://translate.google.com/#en/hu/expertise
one-size-fits-all,egy kaptafára,,https://translate.google.com/#en/hu/one-size-fits-all
holistically,holisztikusan,teljességre törekvő,https://translate.google.com/#en/hu/holistically
consolidate,megszilárdítása,megerősít,https://translate.google.com/#en/hu/consolidate
strangle,fojt,,https://translate.google.com/#en/hu/strangle
gracefully,kecsesen,,https://translate.google.com/#en/hu/gracefully
graceful,"kecses, elegáns, könnyed, bájos",,https://translate.google.com/#en/hu/graceful
spillover,tovagyűrűző,,https://translate.google.com/#en/hu/spillover
requires significant upfront human resource costs,igényel jelentős kezdeti emberi erőforrás költségek,,https://translate.google.com/#en/hu/requires%20significant%20upfront%20human%20resource%20costs
counterpoint,ellenpont,,https://translate.google.com/#en/hu/counterpoint
for no good reason,semmi ok nélkül,,https://translate.google.com/#en/hu/for%20no%20good%20reason
exaggeration,túlzás,,https://translate.google.com/#en/hu/exaggeration
shim,alátétlemez,,https://translate.google.com/#en/hu/shim
guff,ostobaság,,https://translate.google.com/#en/hu/guff
special behaviour,különleges viselkedést,,https://translate.google.com/#en/hu/special%20behaviour
versatile,sokoldalú,,https://translate.google.com/#en/hu/versatile
adjacent,szomszédos,,https://translate.google.com/#en/hu/adjacent
hostile,ellenséges,,https://translate.google.com/#en/hu/hostile
I’m to be with her to night.,Éjszaka vele vagyok. (jövőben),,https://translate.google.com/#en/hu/I%E2%80%99m%20to%20be%20with%20her%20to%20night.
I have yet to do,azt még meg kell csinálnom,,https://translate.google.com/#en/hu/I%20have%20yet%20to%20do
I’m yet to be with her to night.,"Éjszaka vele vagyok. (jövőben, elrenezve, megbeszélve)",,https://translate.google.com/#en/hu/I%E2%80%99m%20yet%20to%20be%20with%20her%20to%20night.
asset,vagyontárgy,,https://translate.google.com/#en/hu/asset
comply,"teljesít, megfelel, összeegyeztet",,https://translate.google.com/#en/hu/comply
lofty,"magas, magasztos",,https://translate.google.com/#en/hu/lofty
course,"tanfolyam, pálya, kurzus, folyik",,https://translate.google.com/#en/hu/course
swing,"hinta, lendül",,https://translate.google.com/#en/hu/swing
The term 'silver bullet' to refer to an action which cuts through complexity and provides an immediate solution to a problem.,"A „csodaszer” utal olyan intézkedésre, amely átszeli a komplexitás és azonnali megoldást kínál a problémára.",,https://translate.google.com/#en/hu/The%20term%20'silver%20bullet'%20to%20refer%20to%20an%20action%20which%20cuts%20through%20complexity%20and%20provides%20an%20immediate%20solution%20to%20a%20problem.
de facto,tényleges,,https://translate.google.com/#en/hu/de%20facto
bring about,előidéz,,https://translate.google.com/#en/hu/bring%20about
brings about the need,szükségessé teszi,,https://translate.google.com/#en/hu/brings%20about%20the%20need
superficial,felszínes,,https://translate.google.com/#en/hu/superficial
cursory,felületes,,https://translate.google.com/#en/hu/cursory
perfunctory,felületes,,https://translate.google.com/#en/hu/perfunctory
brief,"rövid, rövid kivonat, rövid tájékoztató",,https://translate.google.com/#en/hu/brief
laborious,fáradságos,,https://translate.google.com/#en/hu/laborious
painstaking,fáradhatatlan,,https://translate.google.com/#en/hu/painstaking
coherent,összefüggő,,https://translate.google.com/#en/hu/coherent
diverge,"eltér, elágazik",,https://translate.google.com/#en/hu/diverge
prone,"elterült, lejtő, meredek",,https://translate.google.com/#en/hu/prone
prone to,hajlamos,,https://translate.google.com/#en/hu/prone%20to
resilient,rugalmas,,https://translate.google.com/#en/hu/resilient
I was prepossessed by his manners,megnyerőnek találtam a modorát,,https://translate.google.com/#en/hu/I%20was%20prepossessed%20by%20his%20manners
like one possessed,mint egy megszállott,,https://translate.google.com/#en/hu/like%20one%20possessed
prepossessed,befolyásol,,https://translate.google.com/#en/hu/prepossessed
he is obsessed with something,megszállotja vminek,,https://translate.google.com/#en/hu/he%20is%20obsessed%20with%20something
spill,"bukás, esés, kiönt",,https://translate.google.com/#en/hu/spill
ambigous,"kétértelmű, zavaros",,https://translate.google.com/#en/hu/ambigous
carve off,lefarag,,https://translate.google.com/#en/hu/carve%20off
untangle,kibogoz,,https://translate.google.com/#en/hu/untangle
grunt,röfög,,https://translate.google.com/#en/hu/grunt
loom,"szövőszék, dereng",,https://translate.google.com/#en/hu/loom
fertility,termékenység,,https://translate.google.com/#en/hu/fertility
fertile,termékeny,,https://translate.google.com/#en/hu/fertile
shrivel,összeaszalódik,,https://translate.google.com/#en/hu/shrivel
I did a great deal of work on this project.,Rengeteget dolgoztam ezen a projekten.,,https://translate.google.com/#en/hu/I%20did%20a%20great%20deal%20of%20work%20on%20this%20project.
A large number of people got involved.,Sok ember belekeveredett.,,https://translate.google.com/#en/hu/A%20large%20number%20of%20people%20got%20involved.
Finding a good place took a large amount of time.,Sok időt vett igénybe egy jó helyet találni.,,https://translate.google.com/#en/hu/Finding%20a%20good%20place%20took%20a%20large%20amount%20of%20time.
I ate loads of doughnuts.,Rengeteg fánkot ettem.,,https://translate.google.com/#en/hu/I%20ate%20loads%20of%20doughnuts.
I spend loads of money on something.,Töltök rengeteg pénzt valamire.,,https://translate.google.com/#en/hu/I%20spend%20loads%20of%20money%20on%20something.
understatement,kifejezés,,https://translate.google.com/#en/hu/understatement
fairly,meglehetősen,,https://translate.google.com/#en/hu/fairly
I'm rather tired.,Nagyon fáradt vagyok.,,https://translate.google.com/#en/hu/I'm%20rather%20tired.
I'm quite surprised.,Én nagyon meglepődtem.,,https://translate.google.com/#en/hu/I'm%20quite%20surprised.
dignify,megtisztel,,https://translate.google.com/#en/hu/dignify
There are two of us.,Ketten vagyunk.,,https://translate.google.com/#en/hu/There%20are%20two%20of%20us.
I can tell the difference between A and B.,Meg tudom mondani a különbséged A és B között.,,https://translate.google.com/#en/hu/I%20can%20tell%20the%20difference%20between%20A%20and%20B.
affirmative,igenlő,,https://translate.google.com/#en/hu/affirmative
adjective,melléknév,,https://translate.google.com/#en/hu/adjective
noun,főnév,,https://translate.google.com/#en/hu/noun
prior,előzetes,,https://translate.google.com/#en/hu/prior
"It is very cold outside, nice day though.","Nagyon hideg van kint, bár szép nap.",,https://translate.google.com/#en/hu/It%20is%20very%20cold%20outside%2C%20nice%20day%20though.
contradict,"ellentmond, megcáfol",,https://translate.google.com/#en/hu/contradict
goodish,goodish,,https://translate.google.com/#en/hu/goodish
I'm afraid I don't have the time.,"Attól tartok / Sajnálom, nem érek rá.",,https://translate.google.com/#en/hu/I'm%20afraid%20I%20don't%20have%20the%20time.
notch,"bemetszés, rovátka, csorba",,https://translate.google.com/#en/hu/notch
top-notch,kiváló,,https://translate.google.com/#en/hu/top-notch
Come to visit me whenever you want.,"Látogass el hozzám, amikor csak akarsz.",,https://translate.google.com/#en/hu/Come%20to%20visit%20me%20whenever%20you%20want.
That was the best doughnut I have ever eaten.,"Ez volt a legjobb fánk, amit valaha ettem.",,https://translate.google.com/#en/hu/That%20was%20the%20best%20doughnut%20I%20have%20ever%20eaten.
These will be the most important four weeks of my life.,Ez lesz életem legfontosabb 4 hete.,,https://translate.google.com/#en/hu/These%20will%20be%20the%20most%20important%20four%20weeks%20of%20my%20life.
Those were the most important four weeks of my life.,Ez volt életem legfontosabb 4 hete.,,https://translate.google.com/#en/hu/Those%20were%20the%20most%20important%20four%20weeks%20of%20my%20life.
There are such clever children.,Olyan okos gyerekek vannak.,,https://translate.google.com/#en/hu/There%20are%20such%20clever%20children.
stay mellow,viszlát / minden jót / ???,,https://translate.google.com/#en/hu/stay%20mellow
mellow,"érett, dús, telt, lehiggadt",,https://translate.google.com/#en/hu/mellow
idiom,idióma,,https://translate.google.com/#en/hu/idiom
"Not exactly, things are still up in the air.","Nem egészen, a dolgok még mindig a levegőben lógnak.",,https://translate.google.com/#en/hu/Not%20exactly%2C%20things%20are%20still%20up%20in%20the%20air.
lose one’s touch,elveszti a báját/varázsát,,https://translate.google.com/#en/hu/lose%20one%E2%80%99s%20touch
pitch in,beszáll/belead,,https://translate.google.com/#en/hu/pitch%20in
rule of thumb,íratlan szabály,,https://translate.google.com/#en/hu/rule%20of%20thumb
Keep your chin up!,Fel a fejjel!,,https://translate.google.com/#en/hu/Keep%20your%20chin%20up!
relentless,hajthatatlan,,https://translate.google.com/#en/hu/relentless
unceasingly,szüntelenül,,https://translate.google.com/#en/hu/unceasingly
it's not dead but it's on life support,nem halott de majdnem,,https://translate.google.com/#en/hu/it's%20not%20dead%20but%20it's%20on%20life%20support
vicinity,környék,,https://translate.google.com/#en/hu/vicinity
rigid,merev,,https://translate.google.com/#en/hu/rigid
there is a fair bit of room for improvement,van bőven hely a fejlesztésre,,https://translate.google.com/#en/hu/there%20is%20a%20fair%20bit%20of%20room%20for%20improvement
carcass,hulla,,https://translate.google.com/#en/hu/carcass
defy,"dacol, visszautasít",,https://translate.google.com/#en/hu/defy
delicate,"finom, gyengéd, törékeny",,https://translate.google.com/#en/hu/delicate
phenomenal,"nagyon jó, rendkívüli",,https://translate.google.com/#en/hu/phenomenal
accustomed,"szokásos, mindennapi",,https://translate.google.com/#en/hu/accustomed
A class is a description of the object to be created.,Az osztály a létrehozandó objektum leírója.,,https://translate.google.com/#en/hu/A%20class%20is%20a%20description%20of%20the%20object%20to%20be%20created.
taxonomy,"osztályozás, rendszertan",,https://translate.google.com/#en/hu/taxonomy
A prototype is a working object instance.,A prototípus az egy működő/létező objektum példány.,,https://translate.google.com/#en/hu/A%20prototype%20is%20a%20working%20object%20instance.
Inflexible ,rugalmatlan,,https://translate.google.com/#en/hu/Inflexible%20
flaw,"hiba, rés, tévedés",,https://translate.google.com/#en/hu/flaw
overcome,"leküzd, felülkerekedik",,https://translate.google.com/#en/hu/overcome
fiercely,hevesen,,https://translate.google.com/#en/hu/fiercely
fierce,"vad, erőszakos",,https://translate.google.com/#en/hu/fierce
potentional flaws,lehetséges hibák,,https://translate.google.com/#en/hu/potentional%20flaws
vast,"hatalmas, mérhetetlen",,https://translate.google.com/#en/hu/vast
institutional,szervezeti,,https://translate.google.com/#en/hu/institutional
hypocrite,álszent,,https://translate.google.com/#en/hu/hypocrite
pharisee,képmutató,,https://translate.google.com/#en/hu/pharisee
frayed,"kopott, horzsolt, vásott",,https://translate.google.com/#en/hu/frayed
to be blunt,,,https://translate.google.com/#en/hu/to%20be%20blunt
insulation,szigetelés,,https://translate.google.com/#en/hu/insulation